<annotation>
	<folder>Kangaroo</folder>
	<filename>00009.jpg</filename>
	<path>/home/andy/Desktop/Kangaroo/7d172e401c23a845fa29a77e8006ecc9.jpg</path>
	<source>
		<database>Unknown</database>
	</source>
	<size>
		<width>510</width>
		<height>399</height>
		<depth>3</depth>
	</size>
	<segmented>0</segmented>
	<object>
		<name>kangaroo</name>
		<pose>Unspecified</pose>
		<truncated>0</truncated>
		<difficult>0</difficult>
		<bndbox>
			<xmin>43</xmin>
			<ymin>135</ymin>
			<xmax>237</xmax>
			<ymax>348</ymax>
		</bndbox>
	</object>
</annotation>
