<annotation>
	<folder>Kangaroo</folder>
	<filename>00019.jpg</filename>
	<path>/home/andy/Desktop/Kangaroo/163274086_fc783b246e_z_0.jpg</path>
	<source>
		<database>Unknown</database>
	</source>
	<size>
		<width>640</width>
		<height>464</height>
		<depth>3</depth>
	</size>
	<segmented>0</segmented>
	<object>
		<name>kangaroo</name>
		<pose>Unspecified</pose>
		<truncated>0</truncated>
		<difficult>0</difficult>
		<bndbox>
			<xmin>174</xmin>
			<ymin>74</ymin>
			<xmax>285</xmax>
			<ymax>358</ymax>
		</bndbox>
	</object>
	<object>
		<name>kangaroo</name>
		<pose>Unspecified</pose>
		<truncated>0</truncated>
		<difficult>0</difficult>
		<bndbox>
			<xmin>374</xmin>
			<ymin>159</ymin>
			<xmax>598</xmax>
			<ymax>396</ymax>
		</bndbox>
	</object>
</annotation>
