<annotation>
	<folder>Kangaroo</folder>
	<filename>00017.jpg</filename>
	<path>/home/andy/Desktop/Kangaroo/A-kangaroo.jpg</path>
	<source>
		<database>Unknown</database>
	</source>
	<size>
		<width>615</width>
		<height>410</height>
		<depth>3</depth>
	</size>
	<segmented>0</segmented>
	<object>
		<name>kangaroo</name>
		<pose>Unspecified</pose>
		<truncated>0</truncated>
		<difficult>0</difficult>
		<bndbox>
			<xmin>61</xmin>
			<ymin>3</ymin>
			<xmax>506</xmax>
			<ymax>387</ymax>
		</bndbox>
	</object>
</annotation>
