<annotation>
	<folder>Kangaroo</folder>
	<filename>00025.jpg</filename>
	<path>/home/andy/Desktop/Kangaroo/kangaroo-in-australia-zoo-brisbane-fdfyeh.jpg</path>
	<source>
		<database>Unknown</database>
	</source>
	<size>
		<width>640</width>
		<height>447</height>
		<depth>3</depth>
	</size>
	<segmented>0</segmented>
	<object>
		<name>kangaroo</name>
		<pose>Unspecified</pose>
		<truncated>1</truncated>
		<difficult>0</difficult>
		<bndbox>
			<xmin>22</xmin>
			<ymin>49</ymin>
			<xmax>640</xmax>
			<ymax>363</ymax>
		</bndbox>
	</object>
</annotation>
