<annotation>
	<folder>Kangaroo</folder>
	<filename>00024.jpg</filename>
	<path>/home/andy/Desktop/Kangaroo/tworedroos2.jpg</path>
	<source>
		<database>Unknown</database>
	</source>
	<size>
		<width>640</width>
		<height>485</height>
		<depth>3</depth>
	</size>
	<segmented>0</segmented>
	<object>
		<name>kangaroo</name>
		<pose>Unspecified</pose>
		<truncated>0</truncated>
		<difficult>0</difficult>
		<bndbox>
			<xmin>248</xmin>
			<ymin>260</ymin>
			<xmax>516</xmax>
			<ymax>428</ymax>
		</bndbox>
	</object>
	<object>
		<name>kangaroo</name>
		<pose>Unspecified</pose>
		<truncated>0</truncated>
		<difficult>0</difficult>
		<bndbox>
			<xmin>91</xmin>
			<ymin>69</ymin>
			<xmax>270</xmax>
			<ymax>370</ymax>
		</bndbox>
	</object>
</annotation>
