<annotation>
	<folder>Kangaroo</folder>
	<filename>00020.jpg</filename>
	<path>/home/andy/Desktop/Kangaroo/16707668839_3d45fede8f_c-750x501.jpg</path>
	<source>
		<database>Unknown</database>
	</source>
	<size>
		<width>750</width>
		<height>501</height>
		<depth>3</depth>
	</size>
	<segmented>0</segmented>
	<object>
		<name>kangaroo</name>
		<pose>Unspecified</pose>
		<truncated>0</truncated>
		<difficult>0</difficult>
		<bndbox>
			<xmin>98</xmin>
			<ymin>28</ymin>
			<xmax>592</xmax>
			<ymax>472</ymax>
		</bndbox>
	</object>
	<object>
		<name>kangaroo</name>
		<pose>Unspecified</pose>
		<truncated>0</truncated>
		<difficult>0</difficult>
		<bndbox>
			<xmin>508</xmin>
			<ymin>302</ymin>
			<xmax>561</xmax>
			<ymax>373</ymax>
		</bndbox>
	</object>
</annotation>
