<annotation>
	<folder>Kangaroo</folder>
	<filename>00021.jpg</filename>
	<path>/home/andy/Desktop/Kangaroo/12_kangaroo_kickabout_3_-_amiee_stubbs.jpg</path>
	<source>
		<database>Unknown</database>
	</source>
	<size>
		<width>640</width>
		<height>427</height>
		<depth>3</depth>
	</size>
	<segmented>0</segmented>
	<object>
		<name>kangaroo</name>
		<pose>Unspecified</pose>
		<truncated>1</truncated>
		<difficult>0</difficult>
		<bndbox>
			<xmin>300</xmin>
			<ymin>194</ymin>
			<xmax>640</xmax>
			<ymax>371</ymax>
		</bndbox>
	</object>
	<object>
		<name>kangaroo</name>
		<pose>Unspecified</pose>
		<truncated>0</truncated>
		<difficult>0</difficult>
		<bndbox>
			<xmin>184</xmin>
			<ymin>263</ymin>
			<xmax>506</xmax>
			<ymax>399</ymax>
		</bndbox>
	</object>
</annotation>
