<annotation>
	<folder>Kangaroo</folder>
	<filename>00038.jpg</filename>
	<path>/home/andy/Desktop/Kangaroo/stock-photo-kangaroo-in-zoo-389086708.jpg</path>
	<source>
		<database>Unknown</database>
	</source>
	<size>
		<width>450</width>
		<height>320</height>
		<depth>3</depth>
	</size>
	<segmented>0</segmented>
	<object>
		<name>kangaroo</name>
		<pose>Unspecified</pose>
		<truncated>1</truncated>
		<difficult>0</difficult>
		<bndbox>
			<xmin>218</xmin>
			<ymin>19</ymin>
			<xmax>450</xmax>
			<ymax>263</ymax>
		</bndbox>
	</object>
</annotation>
