<annotation>
	<folder>Kangaroo</folder>
	<filename>00032.jpg</filename>
	<path>/home/andy/Desktop/Kangaroo/hqdefault.jpg</path>
	<source>
		<database>Unknown</database>
	</source>
	<size>
		<width>480</width>
		<height>360</height>
		<depth>3</depth>
	</size>
	<segmented>0</segmented>
	<object>
		<name>kangaroo</name>
		<pose>Unspecified</pose>
		<truncated>0</truncated>
		<difficult>0</difficult>
		<bndbox>
			<xmin>83</xmin>
			<ymin>27</ymin>
			<xmax>262</xmax>
			<ymax>357</ymax>
		</bndbox>
	</object>
</annotation>
