<annotation>
	<folder>Kangaroo</folder>
	<filename>00030.jpg</filename>
	<path>/home/andy/Desktop/Kangaroo/stock-photo-eastern-grey-kangaroo-macropus-giganteus-alert-and-looking-around-back-view-297427748.jpg</path>
	<source>
		<database>Unknown</database>
	</source>
	<size>
		<width>300</width>
		<height>470</height>
		<depth>3</depth>
	</size>
	<segmented>0</segmented>
	<object>
		<name>kangaroo</name>
		<pose>Unspecified</pose>
		<truncated>0</truncated>
		<difficult>0</difficult>
		<bndbox>
			<xmin>32</xmin>
			<ymin>21</ymin>
			<xmax>236</xmax>
			<ymax>434</ymax>
		</bndbox>
	</object>
</annotation>
