<annotation>
	<folder>Kangaroo</folder>
	<filename>00031.jpg</filename>
	<path>/home/andy/Desktop/Kangaroo/kangaroos.jpg</path>
	<source>
		<database>Unknown</database>
	</source>
	<size>
		<width>448</width>
		<height>336</height>
		<depth>3</depth>
	</size>
	<segmented>0</segmented>
	<object>
		<name>kangaroo</name>
		<pose>Unspecified</pose>
		<truncated>1</truncated>
		<difficult>0</difficult>
		<bndbox>
			<xmin>1</xmin>
			<ymin>17</ymin>
			<xmax>260</xmax>
			<ymax>326</ymax>
		</bndbox>
	</object>
	<object>
		<name>kangaroo</name>
		<pose>Unspecified</pose>
		<truncated>0</truncated>
		<difficult>0</difficult>
		<bndbox>
			<xmin>192</xmin>
			<ymin>75</ymin>
			<xmax>426</xmax>
			<ymax>283</ymax>
		</bndbox>
	</object>
</annotation>
