<annotation>
	<folder>Kangaroo</folder>
	<filename>00048.jpg</filename>
	<path>/home/andy/Desktop/Kangaroo/australia-zoo-relaxing-kangaroos-rathdowney.jpg</path>
	<source>
		<database>Unknown</database>
	</source>
	<size>
		<width>550</width>
		<height>413</height>
		<depth>3</depth>
	</size>
	<segmented>0</segmented>
	<object>
		<name>kangaroo</name>
		<pose>Unspecified</pose>
		<truncated>0</truncated>
		<difficult>0</difficult>
		<bndbox>
			<xmin>390</xmin>
			<ymin>155</ymin>
			<xmax>537</xmax>
			<ymax>265</ymax>
		</bndbox>
	</object>
	<object>
		<name>kangaroo</name>
		<pose>Unspecified</pose>
		<truncated>0</truncated>
		<difficult>0</difficult>
		<bndbox>
			<xmin>288</xmin>
			<ymin>110</ymin>
			<xmax>371</xmax>
			<ymax>149</ymax>
		</bndbox>
	</object>
	<object>
		<name>kangaroo</name>
		<pose>Unspecified</pose>
		<truncated>0</truncated>
		<difficult>0</difficult>
		<bndbox>
			<xmin>97</xmin>
			<ymin>143</ymin>
			<xmax>226</xmax>
			<ymax>190</ymax>
		</bndbox>
	</object>
	<object>
		<name>kangaroo</name>
		<pose>Unspecified</pose>
		<truncated>0</truncated>
		<difficult>0</difficult>
		<bndbox>
			<xmin>124</xmin>
			<ymin>207</ymin>
			<xmax>274</xmax>
			<ymax>292</ymax>
		</bndbox>
	</object>
</annotation>
