<annotation>
	<folder>Kangaroo</folder>
	<filename>00044.jpg</filename>
	<path>/home/andy/Desktop/Kangaroo/kangaroo-joey.adapt.945.1.jpg</path>
	<source>
		<database>Unknown</database>
	</source>
	<size>
		<width>945</width>
		<height>531</height>
		<depth>3</depth>
	</size>
	<segmented>0</segmented>
	<object>
		<name>kangaroo</name>
		<pose>Unspecified</pose>
		<truncated>0</truncated>
		<difficult>0</difficult>
		<bndbox>
			<xmin>463</xmin>
			<ymin>48</ymin>
			<xmax>738</xmax>
			<ymax>468</ymax>
		</bndbox>
	</object>
	<object>
		<name>kangaroo</name>
		<pose>Unspecified</pose>
		<truncated>0</truncated>
		<difficult>0</difficult>
		<bndbox>
			<xmin>478</xmin>
			<ymin>300</ymin>
			<xmax>592</xmax>
			<ymax>414</ymax>
		</bndbox>
	</object>
</annotation>
