<annotation>
	<folder>Kangaroo</folder>
	<filename>00055.jpg</filename>
	<path>/home/andy/Desktop/Kangaroo/147.jpg</path>
	<source>
		<database>Unknown</database>
	</source>
	<size>
		<width>509</width>
		<height>339</height>
		<depth>3</depth>
	</size>
	<segmented>0</segmented>
	<object>
		<name>kangaroo</name>
		<pose>Unspecified</pose>
		<truncated>1</truncated>
		<difficult>0</difficult>
		<bndbox>
			<xmin>156</xmin>
			<ymin>19</ymin>
			<xmax>341</xmax>
			<ymax>339</ymax>
		</bndbox>
	</object>
</annotation>
