<annotation>
	<folder>Kangaroo</folder>
	<filename>00051.jpg</filename>
	<path>/home/andy/Desktop/Kangaroo/kangaroo-2.jpg</path>
	<source>
		<database>Unknown</database>
	</source>
	<size>
		<width>550</width>
		<height>376</height>
		<depth>3</depth>
	</size>
	<segmented>0</segmented>
	<object>
		<name>kangaroo</name>
		<pose>Unspecified</pose>
		<truncated>0</truncated>
		<difficult>0</difficult>
		<bndbox>
			<xmin>224</xmin>
			<ymin>38</ymin>
			<xmax>385</xmax>
			<ymax>348</ymax>
		</bndbox>
	</object>
	<object>
		<name>kangaroo</name>
		<pose>Unspecified</pose>
		<truncated>0</truncated>
		<difficult>0</difficult>
		<bndbox>
			<xmin>28</xmin>
			<ymin>87</ymin>
			<xmax>273</xmax>
			<ymax>346</ymax>
		</bndbox>
	</object>
</annotation>
