<annotation>
	<folder>Kangaroo</folder>
	<filename>00053.jpg</filename>
	<path>/home/andy/Desktop/Kangaroo/kangaroo5.jpg</path>
	<source>
		<database>Unknown</database>
	</source>
	<size>
		<width>1000</width>
		<height>655</height>
		<depth>3</depth>
	</size>
	<segmented>0</segmented>
	<object>
		<name>kangaroo</name>
		<pose>Unspecified</pose>
		<truncated>0</truncated>
		<difficult>0</difficult>
		<bndbox>
			<xmin>277</xmin>
			<ymin>157</ymin>
			<xmax>470</xmax>
			<ymax>438</ymax>
		</bndbox>
	</object>
	<object>
		<name>kangaroo</name>
		<pose>Unspecified</pose>
		<truncated>0</truncated>
		<difficult>0</difficult>
		<bndbox>
			<xmin>653</xmin>
			<ymin>157</ymin>
			<xmax>809</xmax>
			<ymax>565</ymax>
		</bndbox>
	</object>
	<object>
		<name>kangaroo</name>
		<pose>Unspecified</pose>
		<truncated>0</truncated>
		<difficult>0</difficult>
		<bndbox>
			<xmin>124</xmin>
			<ymin>268</ymin>
			<xmax>274</xmax>
			<ymax>446</ymax>
		</bndbox>
	</object>
</annotation>
