<annotation>
	<folder>Kangaroo</folder>
	<filename>00056.jpg</filename>
	<path>/home/andy/Desktop/Kangaroo/red-kangaroos_400x300.jpg</path>
	<source>
		<database>Unknown</database>
	</source>
	<size>
		<width>400</width>
		<height>300</height>
		<depth>3</depth>
	</size>
	<segmented>0</segmented>
	<object>
		<name>kangaroo</name>
		<pose>Unspecified</pose>
		<truncated>0</truncated>
		<difficult>0</difficult>
		<bndbox>
			<xmin>222</xmin>
			<ymin>3</ymin>
			<xmax>345</xmax>
			<ymax>256</ymax>
		</bndbox>
	</object>
	<object>
		<name>kangaroo</name>
		<pose>Unspecified</pose>
		<truncated>1</truncated>
		<difficult>0</difficult>
		<bndbox>
			<xmin>1</xmin>
			<ymin>118</ymin>
			<xmax>259</xmax>
			<ymax>250</ymax>
		</bndbox>
	</object>
</annotation>
