<annotation>
	<folder>Kangaroo</folder>
	<filename>00062.jpg</filename>
	<path>/home/andy/Desktop/Kangaroo/P1120772_small.jpg</path>
	<source>
		<database>Unknown</database>
	</source>
	<size>
		<width>600</width>
		<height>450</height>
		<depth>3</depth>
	</size>
	<segmented>0</segmented>
	<object>
		<name>kangaroo</name>
		<pose>Unspecified</pose>
		<truncated>1</truncated>
		<difficult>0</difficult>
		<bndbox>
			<xmin>1</xmin>
			<ymin>112</ymin>
			<xmax>220</xmax>
			<ymax>446</ymax>
		</bndbox>
	</object>
	<object>
		<name>kangaroo</name>
		<pose>Unspecified</pose>
		<truncated>0</truncated>
		<difficult>0</difficult>
		<bndbox>
			<xmin>180</xmin>
			<ymin>98</ymin>
			<xmax>305</xmax>
			<ymax>435</ymax>
		</bndbox>
	</object>
</annotation>
