<annotation>
	<folder>Kangaroo</folder>
	<filename>00066.jpg</filename>
	<path>/home/andy/Desktop/Kangaroo/wv-kids-zoo-e1467908460227.jpg</path>
	<source>
		<database>Unknown</database>
	</source>
	<size>
		<width>723</width>
		<height>525</height>
		<depth>3</depth>
	</size>
	<segmented>0</segmented>
	<object>
		<name>kangaroo</name>
		<pose>Unspecified</pose>
		<truncated>0</truncated>
		<difficult>0</difficult>
		<bndbox>
			<xmin>366</xmin>
			<ymin>235</ymin>
			<xmax>698</xmax>
			<ymax>451</ymax>
		</bndbox>
	</object>
</annotation>
