<annotation>
	<folder>Kangaroo</folder>
	<filename>00074.jpg</filename>
	<path>/home/andy/Desktop/Kangaroo/dsc-0051-14337.jpg</path>
	<source>
		<database>Unknown</database>
	</source>
	<size>
		<width>700</width>
		<height>464</height>
		<depth>3</depth>
	</size>
	<segmented>0</segmented>
	<object>
		<name>kangaroo</name>
		<pose>Unspecified</pose>
		<truncated>0</truncated>
		<difficult>0</difficult>
		<bndbox>
			<xmin>33</xmin>
			<ymin>36</ymin>
			<xmax>503</xmax>
			<ymax>443</ymax>
		</bndbox>
	</object>
</annotation>
