<annotation>
	<folder>Kangaroo</folder>
	<filename>00073.jpg</filename>
	<path>/home/andy/Desktop/Kangaroo/Switzerland-Basel-Kangaroo-Watching-Turtles-Zoo-Basel.jpg</path>
	<source>
		<database>Unknown</database>
	</source>
	<size>
		<width>1000</width>
		<height>662</height>
		<depth>3</depth>
	</size>
	<segmented>0</segmented>
	<object>
		<name>kangaroo</name>
		<pose>Unspecified</pose>
		<truncated>0</truncated>
		<difficult>0</difficult>
		<bndbox>
			<xmin>564</xmin>
			<ymin>35</ymin>
			<xmax>953</xmax>
			<ymax>482</ymax>
		</bndbox>
	</object>
</annotation>
