<annotation>
	<folder>Kangaroo</folder>
	<filename>00076.jpg</filename>
	<path>/home/andy/Desktop/Kangaroo/6a00e55397a5c28834010536f2213a970c.jpg</path>
	<source>
		<database>Unknown</database>
	</source>
	<size>
		<width>480</width>
		<height>277</height>
		<depth>3</depth>
	</size>
	<segmented>0</segmented>
	<object>
		<name>kangaroo</name>
		<pose>Unspecified</pose>
		<truncated>0</truncated>
		<difficult>0</difficult>
		<bndbox>
			<xmin>145</xmin>
			<ymin>38</ymin>
			<xmax>247</xmax>
			<ymax>266</ymax>
		</bndbox>
	</object>
	<object>
		<name>kangaroo</name>
		<pose>Unspecified</pose>
		<truncated>0</truncated>
		<difficult>0</difficult>
		<bndbox>
			<xmin>247</xmin>
			<ymin>103</ymin>
			<xmax>374</xmax>
			<ymax>258</ymax>
		</bndbox>
	</object>
	<object>
		<name>kangaroo</name>
		<pose>Unspecified</pose>
		<truncated>0</truncated>
		<difficult>0</difficult>
		<bndbox>
			<xmin>233</xmin>
			<ymin>86</ymin>
			<xmax>341</xmax>
			<ymax>236</ymax>
		</bndbox>
	</object>
</annotation>
