<annotation>
	<folder>Kangaroo</folder>
	<filename>00079.jpg</filename>
	<path>/home/andy/Desktop/Kangaroo/03.jpg</path>
	<source>
		<database>Unknown</database>
	</source>
	<size>
		<width>900</width>
		<height>600</height>
		<depth>3</depth>
	</size>
	<segmented>0</segmented>
	<object>
		<name>kangaroo</name>
		<pose>Unspecified</pose>
		<truncated>0</truncated>
		<difficult>0</difficult>
		<bndbox>
			<xmin>170</xmin>
			<ymin>76</ymin>
			<xmax>711</xmax>
			<ymax>468</ymax>
		</bndbox>
	</object>
</annotation>
