<annotation>
	<folder>Kangaroo</folder>
	<filename>00078.jpg</filename>
	<path>/home/andy/Desktop/Kangaroo/depositphotos_1887545-stock-photo-kangaroo-in-zoo.jpg</path>
	<source>
		<database>Unknown</database>
	</source>
	<size>
		<width>1023</width>
		<height>619</height>
		<depth>3</depth>
	</size>
	<segmented>0</segmented>
	<object>
		<name>kangaroo</name>
		<pose>Unspecified</pose>
		<truncated>0</truncated>
		<difficult>0</difficult>
		<bndbox>
			<xmin>143</xmin>
			<ymin>123</ymin>
			<xmax>959</xmax>
			<ymax>456</ymax>
		</bndbox>
	</object>
</annotation>
