<annotation>
	<folder>Kangaroo</folder>
	<filename>00085.jpg</filename>
	<path>/home/andy/Desktop/Kangaroo/1393620633-4731.jpg</path>
	<source>
		<database>Unknown</database>
	</source>
	<size>
		<width>800</width>
		<height>600</height>
		<depth>3</depth>
	</size>
	<segmented>0</segmented>
	<object>
		<name>kangaroo</name>
		<pose>Unspecified</pose>
		<truncated>0</truncated>
		<difficult>0</difficult>
		<bndbox>
			<xmin>524</xmin>
			<ymin>175</ymin>
			<xmax>756</xmax>
			<ymax>572</ymax>
		</bndbox>
	</object>
	<object>
		<name>kangaroo</name>
		<pose>Unspecified</pose>
		<truncated>0</truncated>
		<difficult>0</difficult>
		<bndbox>
			<xmin>179</xmin>
			<ymin>8</ymin>
			<xmax>518</xmax>
			<ymax>504</ymax>
		</bndbox>
	</object>
	<object>
		<name>kangaroo</name>
		<pose>Unspecified</pose>
		<truncated>0</truncated>
		<difficult>0</difficult>
		<bndbox>
			<xmin>18</xmin>
			<ymin>138</ymin>
			<xmax>719</xmax>
			<ymax>583</ymax>
		</bndbox>
	</object>
</annotation>
