<annotation>
	<folder>Kangaroo</folder>
	<filename>00088.jpg</filename>
	<path>/home/andy/Desktop/Kangaroo/kangaroos-animalpage-web620.jpg</path>
	<source>
		<database>Unknown</database>
	</source>
	<size>
		<width>620</width>
		<height>380</height>
		<depth>3</depth>
	</size>
	<segmented>0</segmented>
	<object>
		<name>kangaroo</name>
		<pose>Unspecified</pose>
		<truncated>0</truncated>
		<difficult>0</difficult>
		<bndbox>
			<xmin>295</xmin>
			<ymin>118</ymin>
			<xmax>446</xmax>
			<ymax>350</ymax>
		</bndbox>
	</object>
	<object>
		<name>kangaroo</name>
		<pose>Unspecified</pose>
		<truncated>0</truncated>
		<difficult>0</difficult>
		<bndbox>
			<xmin>181</xmin>
			<ymin>164</ymin>
			<xmax>342</xmax>
			<ymax>363</ymax>
		</bndbox>
	</object>
</annotation>
