<annotation>
	<folder>Kangaroo</folder>
	<filename>00093.jpg</filename>
	<path>/home/andy/Desktop/Kangaroo/cat.8980c.jpg</path>
	<source>
		<database>Unknown</database>
	</source>
	<size>
		<width>950</width>
		<height>534</height>
		<depth>3</depth>
	</size>
	<segmented>0</segmented>
	<object>
		<name>kangaroo</name>
		<pose>Unspecified</pose>
		<truncated>1</truncated>
		<difficult>0</difficult>
		<bndbox>
			<xmin>438</xmin>
			<ymin>1</ymin>
			<xmax>842</xmax>
			<ymax>382</ymax>
		</bndbox>
	</object>
</annotation>
