<annotation>
	<folder>Kangaroo</folder>
	<filename>00094.jpg</filename>
	<path>/home/andy/Desktop/Kangaroo/female-red-kangaroo.jpg</path>
	<source>
		<database>Unknown</database>
	</source>
	<size>
		<width>600</width>
		<height>400</height>
		<depth>3</depth>
	</size>
	<segmented>0</segmented>
	<object>
		<name>kangaroo</name>
		<pose>Unspecified</pose>
		<truncated>0</truncated>
		<difficult>0</difficult>
		<bndbox>
			<xmin>163</xmin>
			<ymin>19</ymin>
			<xmax>381</xmax>
			<ymax>378</ymax>
		</bndbox>
	</object>
</annotation>
