<annotation>
	<folder>Kangaroo</folder>
	<filename>00096.jpg</filename>
	<path>/home/andy/Desktop/Kangaroo/1674052-3x2-940x627.jpg</path>
	<source>
		<database>Unknown</database>
	</source>
	<size>
		<width>940</width>
		<height>627</height>
		<depth>3</depth>
	</size>
	<segmented>0</segmented>
	<object>
		<name>kangaroo</name>
		<pose>Unspecified</pose>
		<truncated>0</truncated>
		<difficult>0</difficult>
		<bndbox>
			<xmin>407</xmin>
			<ymin>147</ymin>
			<xmax>783</xmax>
			<ymax>476</ymax>
		</bndbox>
	</object>
</annotation>
