<annotation>
	<folder>Kangaroo</folder>
	<filename>00092.jpg</filename>
	<path>/home/andy/Desktop/Kangaroo/stock-photo-detail-of-standing-kangaroo-in-zoo-australia-352004405.jpg</path>
	<source>
		<database>Unknown</database>
	</source>
	<size>
		<width>450</width>
		<height>320</height>
		<depth>3</depth>
	</size>
	<segmented>0</segmented>
	<object>
		<name>kangaroo</name>
		<pose>Unspecified</pose>
		<truncated>0</truncated>
		<difficult>0</difficult>
		<bndbox>
			<xmin>74</xmin>
			<ymin>47</ymin>
			<xmax>263</xmax>
			<ymax>299</ymax>
		</bndbox>
	</object>
</annotation>
