<annotation>
	<folder>Kangaroo</folder>
	<filename>00099.jpg</filename>
	<path>/home/andy/Desktop/Kangaroo/Adelaide-Zoo-Tree-Kangaroo-Febuary-2015-3.jpg</path>
	<source>
		<database>Unknown</database>
	</source>
	<size>
		<width>1000</width>
		<height>667</height>
		<depth>3</depth>
	</size>
	<segmented>0</segmented>
	<object>
		<name>kangaroo</name>
		<pose>Unspecified</pose>
		<truncated>0</truncated>
		<difficult>0</difficult>
		<bndbox>
			<xmin>286</xmin>
			<ymin>126</ymin>
			<xmax>689</xmax>
			<ymax>546</ymax>
		</bndbox>
	</object>
	<object>
		<name>kangaroo</name>
		<pose>Unspecified</pose>
		<truncated>0</truncated>
		<difficult>0</difficult>
		<bndbox>
			<xmin>438</xmin>
			<ymin>438</ymin>
			<xmax>554</xmax>
			<ymax>536</ymax>
		</bndbox>
	</object>
	<object>
		<name>kangaroo</name>
		<pose>Unspecified</pose>
		<truncated>1</truncated>
		<difficult>0</difficult>
		<bndbox>
			<xmin>308</xmin>
			<ymin>1</ymin>
			<xmax>796</xmax>
			<ymax>324</ymax>
		</bndbox>
	</object>
</annotation>
