<annotation>
	<folder>Kangaroo</folder>
	<filename>00105.jpg</filename>
	<path>/home/andy/Desktop/Kangaroo/p03sglsp.jpg</path>
	<source>
		<database>Unknown</database>
	</source>
	<size>
		<width>976</width>
		<height>549</height>
		<depth>3</depth>
	</size>
	<segmented>0</segmented>
	<object>
		<name>kangaroo</name>
		<pose>Unspecified</pose>
		<truncated>0</truncated>
		<difficult>0</difficult>
		<bndbox>
			<xmin>95</xmin>
			<ymin>48</ymin>
			<xmax>464</xmax>
			<ymax>541</ymax>
		</bndbox>
	</object>
</annotation>
