<annotation>
	<folder>Kangaroo</folder>
	<filename>00102.jpg</filename>
	<path>/home/andy/Desktop/Kangaroo/article-1319863-0B943237000005DC-572_634x440.jpg</path>
	<source>
		<database>Unknown</database>
	</source>
	<size>
		<width>634</width>
		<height>440</height>
		<depth>3</depth>
	</size>
	<segmented>0</segmented>
	<object>
		<name>kangaroo</name>
		<pose>Unspecified</pose>
		<truncated>1</truncated>
		<difficult>0</difficult>
		<bndbox>
			<xmin>311</xmin>
			<ymin>84</ymin>
			<xmax>634</xmax>
			<ymax>406</ymax>
		</bndbox>
	</object>
</annotation>
