<annotation>
	<folder>Kangaroo</folder>
	<filename>00100.jpg</filename>
	<path>/home/andy/Desktop/Kangaroo/pet_kangaroo_15.jpg</path>
	<source>
		<database>Unknown</database>
	</source>
	<size>
		<width>700</width>
		<height>466</height>
		<depth>3</depth>
	</size>
	<segmented>0</segmented>
	<object>
		<name>kangaroo</name>
		<pose>Unspecified</pose>
		<truncated>0</truncated>
		<difficult>0</difficult>
		<bndbox>
			<xmin>151</xmin>
			<ymin>93</ymin>
			<xmax>697</xmax>
			<ymax>382</ymax>
		</bndbox>
	</object>
</annotation>
