<annotation>
	<folder>Kangaroo</folder>
	<filename>00111.jpg</filename>
	<path>/home/andy/Desktop/Kangaroo/perth-heirisson-island-kangaroos-29th-july-2015-ben-williams1.jpg</path>
	<source>
		<database>Unknown</database>
	</source>
	<size>
		<width>610</width>
		<height>342</height>
		<depth>3</depth>
	</size>
	<segmented>0</segmented>
	<object>
		<name>kangaroo</name>
		<pose>Unspecified</pose>
		<truncated>0</truncated>
		<difficult>0</difficult>
		<bndbox>
			<xmin>393</xmin>
			<ymin>146</ymin>
			<xmax>606</xmax>
			<ymax>274</ymax>
		</bndbox>
	</object>
</annotation>
