<annotation>
	<folder>Kangaroo</folder>
	<filename>00125.jpg</filename>
	<path>/home/andy/Desktop/Kangaroo/horse-with-kangaroo-pasture-buddy-adw73k.jpg</path>
	<source>
		<database>Unknown</database>
	</source>
	<size>
		<width>427</width>
		<height>320</height>
		<depth>3</depth>
	</size>
	<segmented>0</segmented>
	<object>
		<name>kangaroo</name>
		<pose>Unspecified</pose>
		<truncated>0</truncated>
		<difficult>0</difficult>
		<bndbox>
			<xmin>65</xmin>
			<ymin>170</ymin>
			<xmax>302</xmax>
			<ymax>278</ymax>
		</bndbox>
	</object>
</annotation>
