<annotation>
	<folder>Kangaroo</folder>
	<filename>00129.jpg</filename>
	<path>/home/andy/Desktop/Kangaroo/891092395-cleland-conservation-park-albino-kangaroo-feeding-human.jpg</path>
	<source>
		<database>Unknown</database>
	</source>
	<size>
		<width>960</width>
		<height>540</height>
		<depth>3</depth>
	</size>
	<segmented>0</segmented>
	<object>
		<name>kangaroo</name>
		<pose>Unspecified</pose>
		<truncated>0</truncated>
		<difficult>0</difficult>
		<bndbox>
			<xmin>183</xmin>
			<ymin>32</ymin>
			<xmax>365</xmax>
			<ymax>450</ymax>
		</bndbox>
	</object>
</annotation>
