<annotation>
	<folder>Kangaroo</folder>
	<filename>00124.jpg</filename>
	<path>/home/andy/Desktop/Kangaroo/Untitled2_1504022141079_8993951_ver1.0_640_360.jpg</path>
	<source>
		<database>Unknown</database>
	</source>
	<size>
		<width>640</width>
		<height>360</height>
		<depth>3</depth>
	</size>
	<segmented>0</segmented>
	<object>
		<name>kangaroo</name>
		<pose>Unspecified</pose>
		<truncated>0</truncated>
		<difficult>0</difficult>
		<bndbox>
			<xmin>29</xmin>
			<ymin>165</ymin>
			<xmax>423</xmax>
			<ymax>340</ymax>
		</bndbox>
	</object>
</annotation>
