<annotation>
	<folder>Kangaroo</folder>
	<filename>00120.jpg</filename>
	<path>/home/andy/Desktop/Kangaroo/327950850-taronga-western-plains-zoo-red-kangaroo-hopping-savannah.jpg</path>
	<source>
		<database>Unknown</database>
	</source>
	<size>
		<width>720</width>
		<height>540</height>
		<depth>3</depth>
	</size>
	<segmented>0</segmented>
	<object>
		<name>kangaroo</name>
		<pose>Unspecified</pose>
		<truncated>0</truncated>
		<difficult>0</difficult>
		<bndbox>
			<xmin>207</xmin>
			<ymin>80</ymin>
			<xmax>644</xmax>
			<ymax>453</ymax>
		</bndbox>
	</object>
</annotation>
