<annotation>
	<folder>Kangaroo</folder>
	<filename>00139.jpg</filename>
	<path>/home/andy/Desktop/Kangaroo/Fort-Wayne-Childrens-Zoo-35-of-37.jpg</path>
	<source>
		<database>Unknown</database>
	</source>
	<size>
		<width>720</width>
		<height>480</height>
		<depth>3</depth>
	</size>
	<segmented>0</segmented>
	<object>
		<name>kangaroo</name>
		<pose>Unspecified</pose>
		<truncated>0</truncated>
		<difficult>0</difficult>
		<bndbox>
			<xmin>176</xmin>
			<ymin>122</ymin>
			<xmax>422</xmax>
			<ymax>444</ymax>
		</bndbox>
	</object>
	<object>
		<name>kangaroo</name>
		<pose>Unspecified</pose>
		<truncated>0</truncated>
		<difficult>0</difficult>
		<bndbox>
			<xmin>45</xmin>
			<ymin>298</ymin>
			<xmax>188</xmax>
			<ymax>477</ymax>
		</bndbox>
	</object>
	<object>
		<name>kangaroo</name>
		<pose>Unspecified</pose>
		<truncated>0</truncated>
		<difficult>0</difficult>
		<bndbox>
			<xmin>430</xmin>
			<ymin>307</ymin>
			<xmax>690</xmax>
			<ymax>461</ymax>
		</bndbox>
	</object>
	<object>
		<name>kangaroo</name>
		<pose>Unspecified</pose>
		<truncated>0</truncated>
		<difficult>0</difficult>
		<bndbox>
			<xmin>423</xmin>
			<ymin>260</ymin>
			<xmax>608</xmax>
			<ymax>404</ymax>
		</bndbox>
	</object>
</annotation>
