<annotation>
	<folder>Kangaroo</folder>
	<filename>00136.jpg</filename>
	<path>/home/andy/Desktop/Kangaroo/_94650385_gettyimages-154360533.jpg</path>
	<source>
		<database>Unknown</database>
	</source>
	<size>
		<width>624</width>
		<height>351</height>
		<depth>3</depth>
	</size>
	<segmented>0</segmented>
	<object>
		<name>kangaroo</name>
		<pose>Unspecified</pose>
		<truncated>0</truncated>
		<difficult>0</difficult>
		<bndbox>
			<xmin>21</xmin>
			<ymin>98</ymin>
			<xmax>340</xmax>
			<ymax>331</ymax>
		</bndbox>
	</object>
</annotation>
