<annotation>
	<folder>Kangaroo</folder>
	<filename>00147.jpg</filename>
	<path>/home/andy/Desktop/Kangaroo/kangaroo-hopping.jpg</path>
	<source>
		<database>Unknown</database>
	</source>
	<size>
		<width>1000</width>
		<height>665</height>
		<depth>3</depth>
	</size>
	<segmented>0</segmented>
	<object>
		<name>kangaroo</name>
		<pose>Unspecified</pose>
		<truncated>0</truncated>
		<difficult>0</difficult>
		<bndbox>
			<xmin>149</xmin>
			<ymin>105</ymin>
			<xmax>818</xmax>
			<ymax>544</ymax>
		</bndbox>
	</object>
</annotation>
