<annotation>
	<folder>Kangaroo</folder>
	<filename>00145.jpg</filename>
	<path>/home/andy/Desktop/Kangaroo/australia-zoo-kanga.jpg</path>
	<source>
		<database>Unknown</database>
	</source>
	<size>
		<width>400</width>
		<height>333</height>
		<depth>3</depth>
	</size>
	<segmented>0</segmented>
	<object>
		<name>kangaroo</name>
		<pose>Unspecified</pose>
		<truncated>1</truncated>
		<difficult>0</difficult>
		<bndbox>
			<xmin>210</xmin>
			<ymin>55</ymin>
			<xmax>400</xmax>
			<ymax>308</ymax>
		</bndbox>
	</object>
</annotation>
