<annotation>
	<folder>Kangaroo</folder>
	<filename>00149.jpg</filename>
	<path>/home/andy/Desktop/Kangaroo/P1130435-2-800x600.jpg</path>
	<source>
		<database>Unknown</database>
	</source>
	<size>
		<width>800</width>
		<height>600</height>
		<depth>3</depth>
	</size>
	<segmented>0</segmented>
	<object>
		<name>kangaroo</name>
		<pose>Unspecified</pose>
		<truncated>0</truncated>
		<difficult>0</difficult>
		<bndbox>
			<xmin>338</xmin>
			<ymin>103</ymin>
			<xmax>596</xmax>
			<ymax>387</ymax>
		</bndbox>
	</object>
	<object>
		<name>kangaroo</name>
		<pose>Unspecified</pose>
		<truncated>0</truncated>
		<difficult>0</difficult>
		<bndbox>
			<xmin>385</xmin>
			<ymin>273</ymin>
			<xmax>441</xmax>
			<ymax>343</ymax>
		</bndbox>
	</object>
</annotation>
