<annotation>
	<folder>Kangaroo</folder>
	<filename>00159.jpg</filename>
	<path>/home/andy/Desktop/Kangaroo/kangaroo_02_600.jpg</path>
	<source>
		<database>Unknown</database>
	</source>
	<size>
		<width>600</width>
		<height>394</height>
		<depth>3</depth>
	</size>
	<segmented>0</segmented>
	<object>
		<name>kangaroo</name>
		<pose>Unspecified</pose>
		<truncated>0</truncated>
		<difficult>0</difficult>
		<bndbox>
			<xmin>339</xmin>
			<ymin>93</ymin>
			<xmax>530</xmax>
			<ymax>254</ymax>
		</bndbox>
	</object>
</annotation>
