<annotation>
	<folder>Kangaroo</folder>
	<filename>00150.jpg</filename>
	<path>/home/andy/Desktop/Kangaroo/kangaroo-back-view.jpg</path>
	<source>
		<database>Unknown</database>
	</source>
	<size>
		<width>450</width>
		<height>600</height>
		<depth>3</depth>
	</size>
	<segmented>0</segmented>
	<object>
		<name>kangaroo</name>
		<pose>Unspecified</pose>
		<truncated>0</truncated>
		<difficult>0</difficult>
		<bndbox>
			<xmin>122</xmin>
			<ymin>18</ymin>
			<xmax>343</xmax>
			<ymax>565</ymax>
		</bndbox>
	</object>
</annotation>
