<annotation>
	<folder>Kangaroo</folder>
	<filename>00164.jpg</filename>
	<path>/home/andy/Desktop/Kangaroo/1.jpg</path>
	<source>
		<database>Unknown</database>
	</source>
	<size>
		<width>910</width>
		<height>480</height>
		<depth>3</depth>
	</size>
	<segmented>0</segmented>
	<object>
		<name>kangaroo</name>
		<pose>Unspecified</pose>
		<truncated>0</truncated>
		<difficult>0</difficult>
		<bndbox>
			<xmin>75</xmin>
			<ymin>45</ymin>
			<xmax>397</xmax>
			<ymax>449</ymax>
		</bndbox>
	</object>
	<object>
		<name>kangaroo</name>
		<pose>Unspecified</pose>
		<truncated>0</truncated>
		<difficult>0</difficult>
		<bndbox>
			<xmin>6</xmin>
			<ymin>269</ymin>
			<xmax>110</xmax>
			<ymax>440</ymax>
		</bndbox>
	</object>
	<object>
		<name>kangaroo</name>
		<pose>Unspecified</pose>
		<truncated>0</truncated>
		<difficult>0</difficult>
		<bndbox>
			<xmin>330</xmin>
			<ymin>72</ymin>
			<xmax>508</xmax>
			<ymax>416</ymax>
		</bndbox>
	</object>
	<object>
		<name>kangaroo</name>
		<pose>Unspecified</pose>
		<truncated>1</truncated>
		<difficult>0</difficult>
		<bndbox>
			<xmin>234</xmin>
			<ymin>257</ymin>
			<xmax>679</xmax>
			<ymax>480</ymax>
		</bndbox>
	</object>
	<object>
		<name>kangaroo</name>
		<pose>Unspecified</pose>
		<truncated>0</truncated>
		<difficult>0</difficult>
		<bndbox>
			<xmin>612</xmin>
			<ymin>188</ymin>
			<xmax>865</xmax>
			<ymax>416</ymax>
		</bndbox>
	</object>
</annotation>
