<annotation>
	<folder>Kangaroo</folder>
	<filename>00168.jpg</filename>
	<path>/home/andy/Desktop/Kangaroo/B97618113Z.120161003115415000GMNF1H0C.10.jpg</path>
	<source>
		<database>Unknown</database>
	</source>
	<size>
		<width>445</width>
		<height>372</height>
		<depth>3</depth>
	</size>
	<segmented>0</segmented>
	<object>
		<name>kangaroo</name>
		<pose>Unspecified</pose>
		<truncated>0</truncated>
		<difficult>0</difficult>
		<bndbox>
			<xmin>133</xmin>
			<ymin>18</ymin>
			<xmax>314</xmax>
			<ymax>359</ymax>
		</bndbox>
	</object>
</annotation>
