<annotation>
	<folder>Kangaroo</folder>
	<filename>00172.jpg</filename>
	<path>/home/andy/Desktop/Kangaroo/24299464_BG2.jpg</path>
	<source>
		<database>Unknown</database>
	</source>
	<size>
		<width>640</width>
		<height>360</height>
		<depth>3</depth>
	</size>
	<segmented>0</segmented>
	<object>
		<name>kangaroo</name>
		<pose>Unspecified</pose>
		<truncated>0</truncated>
		<difficult>0</difficult>
		<bndbox>
			<xmin>296</xmin>
			<ymin>77</ymin>
			<xmax>531</xmax>
			<ymax>269</ymax>
		</bndbox>
	</object>
</annotation>
