<annotation>
	<folder>Kangaroo</folder>
	<filename>00177.jpg</filename>
	<path>/home/andy/Desktop/Kangaroo/article-2595033-1CC344D100000578-603_634x415.jpg</path>
	<source>
		<database>Unknown</database>
	</source>
	<size>
		<width>634</width>
		<height>415</height>
		<depth>3</depth>
	</size>
	<segmented>0</segmented>
	<object>
		<name>kangaroo</name>
		<pose>Unspecified</pose>
		<truncated>0</truncated>
		<difficult>0</difficult>
		<bndbox>
			<xmin>362</xmin>
			<ymin>12</ymin>
			<xmax>630</xmax>
			<ymax>317</ymax>
		</bndbox>
	</object>
</annotation>
