<annotation>
	<folder>Kangaroo</folder>
	<filename>00176.jpg</filename>
	<path>/home/andy/Desktop/Kangaroo/stock-photo-the-kangaroo-island-kangaroo-is-eating-grass-602822621.jpg</path>
	<source>
		<database>Unknown</database>
	</source>
	<size>
		<width>450</width>
		<height>318</height>
		<depth>3</depth>
	</size>
	<segmented>0</segmented>
	<object>
		<name>kangaroo</name>
		<pose>Unspecified</pose>
		<truncated>0</truncated>
		<difficult>0</difficult>
		<bndbox>
			<xmin>98</xmin>
			<ymin>63</ymin>
			<xmax>296</xmax>
			<ymax>265</ymax>
		</bndbox>
	</object>
</annotation>
