<annotation>
	<folder>Kangaroo</folder>
	<filename>00179.jpg</filename>
	<path>/home/andy/Desktop/Kangaroo/joey-in-kangaroo-exhibit.jpg</path>
	<source>
		<database>Unknown</database>
	</source>
	<size>
		<width>550</width>
		<height>413</height>
		<depth>3</depth>
	</size>
	<segmented>0</segmented>
	<object>
		<name>kangaroo</name>
		<pose>Unspecified</pose>
		<truncated>0</truncated>
		<difficult>0</difficult>
		<bndbox>
			<xmin>121</xmin>
			<ymin>45</ymin>
			<xmax>344</xmax>
			<ymax>366</ymax>
		</bndbox>
	</object>
</annotation>
