<annotation>
	<folder>Kangaroo</folder>
	<filename>00178.jpg</filename>
	<path>/home/andy/Desktop/Kangaroo/img_0553.jpg</path>
	<source>
		<database>Unknown</database>
	</source>
	<size>
		<width>1024</width>
		<height>680</height>
		<depth>3</depth>
	</size>
	<segmented>0</segmented>
	<object>
		<name>kangaroo</name>
		<pose>Unspecified</pose>
		<truncated>0</truncated>
		<difficult>0</difficult>
		<bndbox>
			<xmin>361</xmin>
			<ymin>130</ymin>
			<xmax>640</xmax>
			<ymax>508</ymax>
		</bndbox>
	</object>
	<object>
		<name>kangaroo</name>
		<pose>Unspecified</pose>
		<truncated>1</truncated>
		<difficult>0</difficult>
		<bndbox>
			<xmin>461</xmin>
			<ymin>214</ymin>
			<xmax>907</xmax>
			<ymax>680</ymax>
		</bndbox>
	</object>
	<object>
		<name>kangaroo</name>
		<pose>Unspecified</pose>
		<truncated>1</truncated>
		<difficult>0</difficult>
		<bndbox>
			<xmin>1</xmin>
			<ymin>283</ymin>
			<xmax>480</xmax>
			<ymax>552</ymax>
		</bndbox>
	</object>
</annotation>
