<annotation>
	<folder>Kangaroo</folder>
	<filename>00173.jpg</filename>
	<path>/home/andy/Desktop/Kangaroo/9cfc8484de6b05183450a3a4c137d194.jpg</path>
	<source>
		<database>Unknown</database>
	</source>
	<size>
		<width>569</width>
		<height>657</height>
		<depth>3</depth>
	</size>
	<segmented>0</segmented>
	<object>
		<name>kangaroo</name>
		<pose>Unspecified</pose>
		<truncated>1</truncated>
		<difficult>0</difficult>
		<bndbox>
			<xmin>1</xmin>
			<ymin>66</ymin>
			<xmax>296</xmax>
			<ymax>566</ymax>
		</bndbox>
	</object>
	<object>
		<name>kangaroo</name>
		<pose>Unspecified</pose>
		<truncated>0</truncated>
		<difficult>0</difficult>
		<bndbox>
			<xmin>150</xmin>
			<ymin>11</ymin>
			<xmax>519</xmax>
			<ymax>530</ymax>
		</bndbox>
	</object>
	<object>
		<name>kangaroo</name>
		<pose>Unspecified</pose>
		<truncated>0</truncated>
		<difficult>0</difficult>
		<bndbox>
			<xmin>387</xmin>
			<ymin>339</ymin>
			<xmax>488</xmax>
			<ymax>418</ymax>
		</bndbox>
	</object>
</annotation>
