<annotation>
	<folder>Kangaroo</folder>
	<filename>00182.jpg</filename>
	<path>/home/andy/Desktop/Kangaroo/singapore-care-taker-with-blue-plastic-bucket-feeds-kangaroos-in-their-egb5je.jpg</path>
	<source>
		<database>Unknown</database>
	</source>
	<size>
		<width>427</width>
		<height>320</height>
		<depth>3</depth>
	</size>
	<segmented>0</segmented>
	<object>
		<name>kangaroo</name>
		<pose>Unspecified</pose>
		<truncated>0</truncated>
		<difficult>0</difficult>
		<bndbox>
			<xmin>12</xmin>
			<ymin>152</ymin>
			<xmax>133</xmax>
			<ymax>299</ymax>
		</bndbox>
	</object>
	<object>
		<name>kangaroo</name>
		<pose>Unspecified</pose>
		<truncated>0</truncated>
		<difficult>0</difficult>
		<bndbox>
			<xmin>102</xmin>
			<ymin>185</ymin>
			<xmax>188</xmax>
			<ymax>303</ymax>
		</bndbox>
	</object>
	<object>
		<name>kangaroo</name>
		<pose>Unspecified</pose>
		<truncated>0</truncated>
		<difficult>0</difficult>
		<bndbox>
			<xmin>201</xmin>
			<ymin>133</ymin>
			<xmax>297</xmax>
			<ymax>299</ymax>
		</bndbox>
	</object>
</annotation>
